year	id	title	url	notes
2009	CP1	Unité et diversité de la science politique francophone	NA	NA
2009	CP2	Fronts et frontières disciplinaires	NA	NA
2009	CP3	L’utilité sociale de la science politique et l’engagement politique de ses praticiens	NA	NA
2009	CP4	Exportation internationale de la science politique francophone	NA	NA
2009	CP5	La cumulativité des savoirs en science politique	NA	NA
2009	CP6	Science politique et éthique professionnelle	NA	NA
2009	MD1	Histoire. La science politique au prisme de son passé	NA	NA
2009	MD2	Enquêtes. Enquête(s) sur une science politique en devenir	NA	NA
2009	ST1	L’Europe sans constitution : quelle communauté politique en construction ?	NA	Proposée par la SEE de l’AFSP
2009	ST2	Sociologie politique de l’action extérieure de l’État dans la nouvelle multipolarité	NA	Proposée par la SEI de l’AFSP
2009	ST3	L’État de la France. La « fin d’une exception » mise en perspective comparée	NA	Proposée par le groupe SPCA de l’AFSP
2009	ST4	Economie du politique et politique de l’économie	NA	Proposée par le groupe ArP de l’AFSP
2009	ST5	Etudier les comportements électoraux : bilan de la recherche francophone	NA	Proposée par le GAEL de l’AFSP
2009	ST6	Le métier politique à l’épreuve de sa féminisation. Genre et (re)définition des rôles politiques	NA	Proposée par le groupe Genre & Politique de l’AFSP
2009	ST7	Naissance et mort des partis politiques	NA	Proposée par le GEOPP de l’AFSP
2009	ST8	Aux marges des mouvements sociaux : les arts de la résistance	NA	Proposée par le GERMM de l’AFSP
2009	ST9	Républiques. Trajectoires, historicités et voyages d’un concept	NA	Proposée par le GRESCOP de l’AFSP
2009	ST10	Chronologie, périodisation, temporalités	NA	Proposée par le GRHISPO de l’AFSP
2009	ST11	Les assemblées du Parlement : la séance, les commissions et les groupes	NA	Proposée par le GRPP de l’AFSP
2009	ST121	Regards critiques : le local comme objet global ?	NA	Proposée par le groupe Local & Politique de l’AFSP
2009	ST122	La démocratie urbaine et régionale en débats	NA	Proposée par le groupe Local & Politique de l’AFSP
2009	ST13	Variables, Individus, Contextes. Comment observer et analyser leurs interactions ?	NA	Proposée par le groupe MOD de l’AFSP
2009	ST14	L’analyse des politiques publiques existe-t-elle encore ?	NA	Proposée par le groupe Politiques Publiques de l’AFSP
2009	ST15	Genre et politiques publiques : de la découverte mutuelle au dialogue	NA	NA
2009	ST16	Science politique et sexualités en francophonie : un état des lieux	NA	NA
2009	ST17	L’européanisation des systèmes partisans en Europe	NA	NA
2009	ST18	L’académie européenne : experts, savoirs et savants dans le gouvernement de l’Union européenne	NA	NA
2009	ST19	La Présidence du Conseil de l’Union européenne dans tous ses États	NA	NA
2009	ST20	Transferts institutionnels et convergences étatiques. Vers une sociologie comparative post-institutionnaliste de l’État ?	NA	NA
2009	ST21	Les politiques de défense : une redéfinition des contours régaliens de l’État ?	NA	NA
2009	ST22	Les formes contemporaines de la biopolitique : États, « nouvelle santé publique » et politiques publiques comparées	NA	NA
2009	ST23	Les politiques sociales : mutations, enjeux, théories	NA	NA
2009	ST24	Les politiques de recherche : entre traditions nationales et tournant néo-managérial ?	NA	NA
2009	ST25	L’analyse des politiques publiques à l’épreuve de l’Amérique Latine	NA	NA
2009	ST26	Les ambiguïtés de l’action publique face aux inégalités socio-spatiales. État des travaux francophones au regard des « urban studies »	NA	NA
2009	ST27	Action publique et parcours de vie. Nouvelles inégalités et nouvelles approches des inégalités	NA	NA
2009	ST28	Acteurs, référentiels, instruments et énoncés : la spécificité d’une approche « francophone » des politiques publiques en débat	NA	NA
2009	ST29	Pour une analyse des politiques publiques de l’éducation	NA	NA
2009	ST30	L’hydropolitique et les relations internationales	NA	NA
2009	ST31	Les terrorismes : un objet pluriel pour un champ restreint ?	NA	NA
2009	ST32	Le mouvement des institutions internationales	NA	NA
2009	ST33	L’action collective des élites économiques	NA	NA
2009	ST34	Représentants et représentés : élus de la diversité et minorités visibles	NA	NA
2009	ST35	Du fait colonial à l’immigration contemporaine. La représentation des groupes minorisés, de l’Outre-mer français à l’hexagone	NA	NA
2009	ST36	Mobilisations « ethniques » et comparaison internationale	NA	NA
2009	ST37	Partis politiques et mouvements sociaux à la croisée des approches : interdépendances, transformations et traits communs	NA	NA
2009	ST38	Ruptures biographiques, bifurcations collectives et rapports au politique	NA	NA
2009	ST39	Les mobilisations ethnolinguistiques en Europe	NA	NA
2009	ST40	Le temps de l’écologie politique	NA	NA
2009	ST41	De la protection de la nature au développement durable : les mutations de l’enjeu environnemental	NA	NA
2009	ST42	Des valeurs politiques en mutation : analyse quantitative comparée	NA	NA
2009	ST43	Les « sciences » dans l’État : perspectives comparées	NA	NA
2009	ST44	Sociologie et histoire des mécanismes de dépacification du jeu politique	NA	NA
2009	ST45	Formes de compétence et savoirs de gouvernement	NA	NA
2009	ST46	Sociologie historique des « changements de régimes »	NA	NA
2009	ST47	Les combattants : approches sociologiques et socio-historiques	NA	NA
2009	ST48	Maurice Duverger aujourd’hui	NA	NA
2009	ST49	Une science politique camérale : pratiques et contraintes du champ politologique au Maghreb	NA	NA
2009	ST50	Que faire des idées en science politique ?	NA	NA
2009	ST51	Repenser l’anthropologie politique de la démocratie	NA	NA
2009	ST52	La liberté à l’épreuve de la démocratie. Regards de la théorie politique	NA	NA
2011	CP1	Democratic Theory and Political Science	NA	NA
2011	CP2	La science politique en Europe : cartographies de la discipline	NA	NA
2011	CP3	Science politique et politique aux frontières de l’Union européenne	NA	NA
2011	MPP1	Les docteurs face aux défis du recrutement : regards croisés sur la formation et la sélection des candidats aux métiers de l’enseignement et de la recherche en science politique	NA	NA
2011	MPP2	Les simulations pédagogiques	NA	NA
2011	MPP3	Les manuels de science politique. Editions et usages d’un outil pédagogique	NA	NA
2011	MPP4	Stages de terrain. Comment enseigner, en actes, l’ethnographie ?	NA	NA
2011	MPP5	Enseigner les méthodes d’enquêtes quantitatives. Echanges d’expériences	NA	NA
2011	ST1	Pour une socio-histoire de la science politique	http://www.afsp.info/archives/congres/congres2011/sectionsthematiques/st1/st1.html	NA
2011	ST2	Penser le changement international	http://www.afsp.info/archives/congres/congres2011/sectionsthematiques/st2/st2.html	NA
2011	ST3	La sortie des conflits armés contemporains : Quel rôle pour les institutions internationales ?	NA	NA
2011	ST4	Métier : pacificateur. Professionnels internationaux de la paix et sorties de conflits depuis l’entre-deux-guerres	NA	NA
2011	ST5	Le dilemme de la paix et de la justice en sortie de conflit armé	http://www.afsp.info/archives/congres/congres2011/sectionsthematiques/st5/st5.html	NA
2011	ST6	Sociologie des politiques de DDR : analyse des processus de co-production	NA	NA
2011	ST7	La pacification politique : questionnements historiques et analyses symboliques	NA	NA
2011	ST8	Représentations et labellisations de la « guerre » : pour une sociologie interprétativiste des systèmes de classification de la conflictualité internationale	NA	NA
2011	ST9	Ni guerre, ni paix : enquêtes sur les ordres politiques disloqués	NA	NA
2011	ST10	La notion de martyr en science politique : au-delà des mots et des maux	NA	NA
2011	ST11	L’État en restructuration. Division du travail, hiérarchies, action publique et identités professionnelles dans des administrations en recomposition	NA	NA
2011	ST12	L’État et ses territoires : nouvelles logiques, nouvelles relations ?	NA	NA
2011	ST13	L’entre-soi politique local : Approches ethnographiques	NA	NA
2011	ST14	Retour sur l’État local	NA	NA
2011	ST15	L’ « État régulateur » en question : perspectives comparées	NA	NA
2011	ST16	Leadership et « entrepreneurs » dans l’action publique	http://www.afsp.info/archives/congres/congres2011/sectionsthematiques/st16/st16.html	NA
2011	ST17	Excellence scientifique et prise de parole dans l’espace public. Le cas de l’analyse des politiques publiques	http://www.afsp.info/archives/congres/congres2011/sectionsthematiques/st17/st17.html	NA
2011	ST18	Circulation internationale des idées et mimétisme politique et le cas des nouveaux instruments des politiques environnementales : transferts de politiques ?	NA	NA
2011	ST19	Concerter, négocier, délibérer … Et après ?	NA	NA
2011	ST20	La managérialisation de l’État social en France et aux États-Unis	http://www.afsp.info/archives/congres/congres2011/sectionsthematiques/st20/st20.html	NA
2011	ST21	Les politiques de l’immigration : entre démocratie et justice sociale	NA	NA
2011	ST22	Des politiques d’égalité aux politiques de l’identité : parité, diversité, intersectionnalité	NA	NA
2011	ST23	Les crises de santé publique : une question politique ?	NA	NA
2011	ST24	Universités et recherche face à la réforme	http://www.afsp.info/archives/congres/congres2011/sectionsthematiques/st24/st24.html	NA
2011	ST25	Les administrations publiques en réforme(s) : une comparaison Allemagne-France	NA	NA
2011	ST26	Agir par réseaux. Les réseaux en science politique : méthodes et objets	NA	NA
2011	ST27	L’ « économisation » du secteur public en Europe	http://www.afsp.info/archives/congres/congres2011/sectionsthematiques/st27/st27.html	NA
2011	ST28	Milieux politiques et milieux d’affaires : pour une sociologie comparée européenne	NA	NA
2011	ST29	Partis politiques et politiques publiques	http://www.afsp.info/archives/congres/congres2011/sectionsthematiques/st29/st29.html	NA
2011	ST30	Territorialisation des systèmes politiques et transformations organisationnelles des partis en Europe	http://www.afsp.info/archives/congres/congres2011/sectionsthematiques/st30/st30.html	NA
2011	ST31	La production partisane des candidatures. Vers une démonopolisation ?	NA	NA
2011	ST32	Faire, défaire les programmes. Coproductions et réceptions des « programmes politiques »	http://www.afsp.info/archives/congres/congres2011/sectionsthematiques/st32/st32.html	NA
2011	ST33	Communication politique et mobilisation électorale. Bilan et perspective des dispositifs d’enquête	http://www.afsp.info/archives/congres/congres2011/sectionsthematiques/st33/st33.html	NA
2011	ST34	Géographie et sociologie électorales : duel ou duo ? Actualité et avenir d’une concurrence/collaboration scientifique	NA	NA
2011	ST35	Rapports ordinaires au politique et comportements électoraux	http://www.afsp.info/archives/congres/congres2011/sectionsthematiques/st35/st35.html	NA
2011	ST36	Le découpage électoral : histoire, enjeux et méthodes	NA	NA
2011	ST37	Participation ou délibération ? Sociologie historique de l’implication des citoyens en démocratie	NA	NA
2011	ST38	Logiques de la participation politique, de la contestation à la démocratie participative	http://www.afsp.info/archives/congres/congres2011/sectionsthematiques/st38/st38.html	NA
2011	ST39	Pratiques et dispositifs de participation dans le monde du travail	http://www.afsp.info/archives/congres/congres2011/sectionsthematiques/st39/st39.html	NA
2011	ST40	Le travail politique	http://www.afsp.info/archives/congres/congres2011/sectionsthematiques/st40/st40.html	NA
2011	ST41	Pour une sociologie de la codification du jeu politique (activités, métiers et organisations politiques)	http://www.afsp.info/archives/congres/congres2011/sectionsthematiques/st41/st41.html	NA
2011	ST42	Les enjeux politiques et académiques des réformes de l’enseignement du droit : perspectives comparées	NA	NA
2011	ST43	Le rapport aux institutions des descendants de migrants	http://www.afsp.info/archives/congres/congres2011/sectionsthematiques/st43/st43.html	NA
2011	ST44	Comparer les Parlements	http://www.afsp.info/archives/congres/congres2011/sectionsthematiques/st44/st44.html	NA
2011	ST45	Quantifier le monde et l’Europe : acteurs, outils et appropriations	NA	NA
2011	ST46	L’européanisation et ses coins d’ombre : vers une normalisation des études européennes ?	NA	NA
2011	ST47	Droits de l’homme et démocratie dans l’ensemble européen	http://www.afsp.info/archives/congres/congres2011/sectionsthematiques/st47/st47.html	NA
2011	ST48	Que font les terrains autoritaires aux théories de l’action collective ?	NA	NA
2011	ST49	Le pouvoir de la croyance. Le statut explicatif d’un concept problématique	NA	NA
2011	ST50	Les politiques symboliques existent-elles ?	NA	NA
2011	ST51	Sociologie politique du sport. Renouvellement des perspectives et approches comparées	http://www.afsp.info/archives/congres/congres2011/sectionsthematiques/st51/st51.html	NA
2011	ST52	La justice au prisme du genre : approches comparées	NA	NA
2011	ST53	Genre et Nation	http://www.afsp.info/archives/congres/congres2011/sectionsthematiques/st53/st53.html	NA
2013	AD1	L’état de la discipline au prisme du doctorat en science politique	NA	NA
2013	AD2	Réussir son parcours doctoral. Témoignages de jeunes docteur(e)s	NA	NA
2013	AD3	Faire face au bouleversement soudain du terrain de l’enquête. A l’épreuve du « Printemps arabe »	NA	NA
2013	AD4	Vers une synergie des méthodes des relations internationales et de la sociologie des mobilisations. Le cas des émotions dans les mobilisations violentes	NA	NA
2013	CP	Le Brésil à l'honneur. Conférence d'Elisa P. Reis sur le thème « Cultural Changes and the Challenge of Reducing Social Inequalities »	NA	NA
2013	MPP1	Enseigner les relations internationales. Expériences croisées	NA	NA
2013	MPP2	Les incidences pédagogiques du « tournant ethnographique » en sociologie politique. Retours d’expériences et analyses croisées de l’initiation à la recherche par l’enquête en terrains électoraux et politiques	NA	NA
2013	MPP3	Les simulations en science politique : histoire d’une innovation et étude de ses enjeux pédagogiques	NA	NA
2013	MPP4	Les politistes et les médias, les politistes dans les médias. Quelles modalités d’intervention dans l’espace public médiatique ?	NA	NA
2013	MPP5	Une « révolution des données » en science politique ? Enjeux et formes possibles d’une « data social science »	NA	NA
2013	MTED1	Le futur des études électorales en France	NA	NA
2013	MTED2	Les politiques internationales : objets et stratégies de recherche	NA	NA
2013	MTED3	La théorie politique en France : un état des lieux	NA	NA
2013	ST1	US politics and policies in motion : un nouveau regard sur l’État américain	NA	NA
2013	ST2	« Saisir l’État » à travers ses écrits ordinaires. Enjeux, méthodes et objets	http://www.afsp.info/archives/congres/congres2013/st/st2/st2.html	NA
2013	ST3	Gouverner la mémoire, gouverner le futur. Nouvelles perspectives sur l’État à partir d’objets « marginaux »	NA	NA
2013	ST4	Les politiques de réforme de l’État et des services publics : une approche par les activités des « cadres intermédiaires » de l’administration	NA	NA
2013	ST5	Ce que le genre fait à l’État : une ethnographie du contrôle des déviances	NA	NA
2013	ST6	Politiques publiques et démocratie. Les « policy feedbacks » et les attitudes et comportements politiques	http://www.afsp.info/archives/congres/congres2013/st/st6/st6.html	NA
2013	ST7	Opinion publique et action publique	http://www.afsp.info/archives/congres/congres2013/st/st7/st7.html	NA
2013	ST8	Impôt et politiques publiques	http://www.afsp.info/archives/congres/congres2013/st/st8/st8.html	NA
2013	ST9	L’économie sociale et solidaire et les territoires du politique : vers un dialogue interdisciplinaire	NA	NA
2013	ST10	Sociologie politique des agendas. Emploi du temps, activité quotidienne des acteurs politiques et gouvernement des territoires	NA	NA
2013	ST11	Regards croisés sur les catégorisations ethnoraciales : action publique et mobilisations en contextes nationaux	NA	NA
2013	ST12	La terre et le politique : de la construction de l’État aux mobilisations sociales	NA	NA
2013	ST13	Prospective et action publique	http://www.afsp.info/archives/congres/congres2013/st/st13/st13.html	NA
2013	ST14	Gouverner les langues	http://www.afsp.info/archives/congres/congres2013/st/st14/st14.html	NA
2013	ST15	Markets and Health. Quels enjeux nationaux et internationaux ? Quelle régulation politique ?	NA	NA
2013	ST16	Sociologie des politiques économiques : état des lieux et perspectives	NA	NA
2013	ST17	Retour sur le gouvernement des risques collectifs : quelle place pour les industriels ?	NA	NA
2013	ST18	Penser la politisation de l’environnement à l’international	http://www.afsp.info/archives/congres/congres2013/st/st18/st18.html	NA
2013	ST19	Penser les régimes urbains	http://www.afsp.info/archives/congres/congres2013/st/st19/st19.html	NA
2013	ST20	Vers une sociologie politique des sciences ?	NA	NA
2013	ST21	L’activité scientifique au prisme de l’impératif participatif	NA	NA
2013	ST22	Les procédures de la démocratie. Perspectives pour la théorie politique et la pratique de la démocratie	http://www.afsp.info/archives/congres/congres2013/st/st22/st22.html	NA
2013	ST23	Agendas publics et réactivité démocratique : une perspective comparée	NA	NA
2013	ST24	Un retour des meetings électoraux ? Les meetings dans la campagne présidentielle : dispositifs, acteurs et publics	NA	NA
2013	ST25	Hérédité et compétition politique : Le paradoxe de la transmission familiale du pouvoir politique dans les systèmes politiques concurrentiels	NA	NA
2013	ST26	L’élection présidentielle de 2012 : quelles permanences et quelles évolutions des « alignements » électoraux ?	NA	NA
2013	ST27	Le « nouveau » Front national en question	NA	NA
2013	ST28	La coordination des partis et des électeurs dans les systèmes politiques bipolarisés	http://www.afsp.info/archives/congres/congres2013/st/st28/st28.html	NA
2013	ST29	La participation politique des musulmans dans les sociétés occidentales	http://www.afsp.info/archives/congres/congres2013/st/st29/st29.html	NA
2013	ST30	Les enseignants, un groupe mobilisé ?	NA	NA
2013	ST31	La représentation politique au-delà de l’élection. Penser la représentation face aux transformations contemporaines de la démocratie	http://www.afsp.info/archives/congres/congres2013/st/st31/st31.html	NA
2013	ST32	Des mouvements en changement : autonomisation, institutionnalisation, professionnalisation et transnationalisation des associations LGBT	NA	NA
2013	ST33	Affaires sexuelles, questions sexuelles, sexualités	http://www.afsp.info/archives/congres/congres2013/st/st33/st33.html	NA
2013	ST34	L’analyse de réseaux comme méthode pour la science politique	NA	NA
2013	ST35	La socialisation politique des enfants : pour un réexamen empirique et transdisciplinaire	NA	NA
2013	ST36	La division du travail exécutif : distribution, différenciation et appropriation des postes exécutifs	NA	NA
2013	ST37	Groupes d’intérêt et Think tanks pendant les campagnes électorales. Qui intervient ? Comment ? Avec quels effets politiques ?	NA	NA
2013	ST38	Le travail politique orienté vers les médias	http://www.afsp.info/archives/congres/congres2013/st/st38/st38.html	NA
2013	ST39	Sociogenèse de l’ordre parlementaire. Processus, configurations et pratiques	http://www.afsp.info/archives/congres/congres2013/st/st39/st39.html	NA
2013	ST40	La gouvernance : ouverture démocratique ou pluralisme limité ?	NA	NA
2013	ST41	Political Finance and Political Corruption	http://www.afsp.info/archives/congres/congres2013/st/st41/st41.html	IPSA RC 20 Meeting
2013	ST42	La « dépolitisation » : registres, processus et interprétations	NA	NA
2013	ST43	Une échelle parmi d’autres ? La fabrique européenne des politiques de réconciliation	NA	NA
2013	ST44	Champs transnationaux, enquête transnationale	http://www.afsp.info/archives/congres/congres2013/st/st44/st44.html	NA
2013	ST45	Organisations internationales et acteurs non étatiques : vers de nouvelles pratiques démocratiques dans l’espace international ?	NA	NA
2013	ST46	La globalisation à l’aune du genre : vers une sociologie politique de la promotion internationale des normes égalitaires	NA	NA
2013	ST47	Les fonctions symboliques des organisations internationales	http://www.afsp.info/archives/congres/congres2013/st/st47/st47.html	NA
2013	ST48	Les diplomaties des pays émergents	http://www.afsp.info/archives/congres/congres2013/st/st48/st48.html	NA
2013	ST49	Puissances émergentes, institutions globales et gestion de crise	http://www.afsp.info/archives/congres/congres2013/st/st49/st49.html	NA
2013	ST50	« Plaidoyer » et Advocates. Acteurs et formats internationaux des mobilisations	http://www.afsp.info/archives/congres/congres2013/st/st50/st50.html	NA
2013	ST51	L’art comme indice et matrice des conflits armés	http://www.afsp.info/archives/congres/congres2013/st/st51/st51.html	NA
2013	ST52	Sociologie politique de l’international	http://www.afsp.info/archives/congres/congres2013/st/st52/st52.html	NA
2013	ST53	L’option violente. Combattants et insurgés dans les soulèvements populaires	http://www.afsp.info/archives/congres/congres2013/st/st53/st53.html	NA
2013	ST54	Praticiens et experts de la sécurité internationale : sociologie politique d’un espace professionnel	NA	NA
2013	ST55	Foucault ou le politiste impossible ?	NA	NA
2013	ST56	Acteurs et généalogie des études européennes (1945-1992)	http://www.afsp.info/archives/congres/congres2013/st/st56/st56.html	NA
2013	ST57	Comment étudier les clubs, les fondations politiques, les think tanks ?	NA	NA
2013	ST58	Cinéma, Film et (Science) politique	http://www.afsp.info/archives/congres/congres2013/st/st58/st58.html	NA
2013	ST59	La laïcité comme répertoire d’action administratif	http://www.afsp.info/archives/congres/congres2013/st/st59/st59.html	NA
2013	ST60	Une sociologie de la pensée politique est-elle possible ? Le cas des (néo)libéralismes	NA	NA
2013	ST61	Quelle place pour le comparatisme en histoire des idées politiques et en théorie politique ?	NA	NA
2013	ST62	Appropriations et prolongements critiques de la Green Political Theory	http://www.afsp.info/archives/congres/congres2013/st/st62/st62.html	NA
2013	ST63	Les frontières de la communauté libérale	http://www.afsp.info/archives/congres/congres2013/st/st63/st63.html	NA
2013	ST64	Approches du normatif. La théorie politique entre philosophie et sociologie	http://www.afsp.info/archives/congres/congres2013/st/st64/st64.html	NA
2013	ST65	Des « politiques » de l’intersectionnalité. Un regard comparatif sur l’institutionnalisation du traitement des discriminations multiples en Europe	NA	NA
2013	ST66	Le partage public-privé : généalogie et recompositions	NA	NA
2015	AD1	Présentation-débat autour du bilan de mandature de la section 04 du CNU	NA	NA
2015	AD2	Présentation-débat autour du rapport de conjoncture de la section 40 du CNRS	NA	NA
2015	CP	When Power Evaporates From Our Arms	NA	NA
2015	MDFB	Module doctoral franco-brésilien. La recherche sur le Brésil	NA	NA
2015	MTED1	Approches expérimentales en science politique	NA	NA
2015	MTED2	Ce que les révolutions arabes ont fait aux sciences sociales	NA	NA
2015	MTED3	Les études européennes entre interdisciplinarité et normalisation	NA	NA
2015	MTED4	Ce que les sciences sociales font des révolutions arabes	NA	NA
2015	MTED5	Explorer les logiques narratives de l’action publique. Pour une synergie méthodologique des approches « politistes »	NA	NA
2015	ST1	Crise, insécurité sociale et comportements électoraux	http://www.afsp.info/archives/congres/congres2015/st/st1.html	NA
2015	ST2	Politique des temps ordinaires et politique des temps électoraux	http://www.afsp.info/archives/congres/congres2015/st/st2.html	NA
2015	ST3	Matérialité de l’électeur. Approches empiriques comparées des dispositifs de vote	NA	NA
2015	ST4	Investiguer le bureau de vote. Réflexions épistémologiques et mutualisation des expériences de terrain	NA	NA
2015	ST5	Sociologie du vote à distance	http://www.afsp.info/archives/congres/congres2015/st/st5.html	NA
2015	ST6	Les réformes électorales : un nouvel angle d’approche des systèmes électoraux ?	NA	NA
2015	ST7	Les appropriations méthodologiques d’internet dans la recherche sur des objets politiques	NA	NA
2015	ST8	Pour une politique des émotions	http://www.afsp.info/archives/congres/congres2015/st/st8.html	NA
2015	ST9	A quoi sert la psychologie politique ?	NA	NA
2015	ST10	Les rapports au politique des étudiants	http://www.afsp.info/archives/congres/congres2015/st/st10.html	NA
2015	ST11	Enjeux théoriques et méthodologiques d’une cartographie dynamique des espaces militants	http://www.afsp.info/archives/congres/congres2015/st/st11.html	NA
2015	ST12	(Ne pas) Consentir ? Conformismes contestataires et institutions de la critique	NA	NA
2015	ST13	« Banaliser » un objet socio-historique : les gauches alternatives dans les années 1968	NA	NA
2015	ST14	Ouvriers, mouvement syndical et mouvements sociaux de 1968 à nos jours	http://www.afsp.info/archives/congres/congres2015/st/st14.html	NA
2015	ST15	Quelle économie politique pour quelle «crise» ?	NA	NA
2015	ST16	Ripostes catholiques: mobilisations conservatrices autour d’enjeux sexuels et reproductifs	http://www.afsp.info/archives/congres/congres2015/st/st16.html	NA
2015	ST17	Les gouvernés aux prises avec l’action publique. Variation des représentations et inégalités des pratiques	http://www.afsp.info/archives/congres/congres2015/st/st17.html	NA
2015	ST18	Gouverner (par) les données. Open-data et Big Data : vers une redéfinition des outils et des publics de l’action publique ?	NA	NA
2015	ST19	La profession politique aujourd’hui. Comment sociologiser les transformations du champ politique ?	NA	NA
2015	ST20	Sociologie des entourages politiques	http://www.afsp.info/archives/congres/congres2015/st/st20.html	NA
2015	ST21	Adoption, organisation et diffusion des primaires ouvertes. Une approche comparée	http://www.afsp.info/archives/congres/congres2015/st/st21.html	NA
2015	ST22	Les alternances politiques au local	http://www.afsp.info/archives/congres/congres2015/st/st22.html	NA
2015	ST23	Remettre les idées sur le métier ? La place des « idées » dans la profession politique	NA	NA
2015	ST24	L’avenir de la démocratie délibérative : forums, systèmes, médias	NA	NA
2015	ST25	Nouvelles approches de la décision collective	http://www.afsp.info/archives/congres/congres2015/st/st25.html	NA
2015	ST26	Démocratie sans croissance: théories, institutions et pratiques	http://www.afsp.info/archives/congres/congres2015/st/st26.html	NA
2015	ST27	Relations interinstitutionnelles et ordre politique	http://www.afsp.info/archives/congres/congres2015/st/st27.html	NA
2015	ST28	Ethnographier les institutions : un impératif empirique ?	NA	NA
2015	ST29	Pour une théorie politique appliquée à l’intégration européenne. État des lieux d’un champ de recherche en construction	http://www.afsp.info/archives/congres/congres2015/st/st29.html	NA
2015	ST30	« Penser l’action publique » en contexte africain	http://www.afsp.info/archives/congres/congres2015/st/st30.html	NA
2015	ST31	Rendre faillible le secteur public. Processus, instruments et acteurs de la mise en crise financière des services publics	http://www.afsp.info/archives/congres/congres2015/st/st31.html	NA
2015	ST32	Le process-tracing comme méthode d’analyse des politiques publiques	http://www.afsp.info/archives/congres/congres2015/st/st32.html	NA
2015	ST33	Les acteurs politiques face à la crise : entre « volontarisme » et « contraintes » dans les politiques publiques	NA	NA
2015	ST34	Former les élus : repenser la relation entre légitimité démocratique et expertise	NA	NA
2015	ST35	Pour une sociologie politique de l’énergie : approches théoriques et nouveaux enjeux	NA	NA
2015	ST36	Le rôle des syndicats dans les réformes de la protection sociale	http://www.afsp.info/archives/congres/congres2015/st/st36.html	NA
2015	ST37	Les rationalités comparées des politiques sociales	http://www.afsp.info/archives/congres/congres2015/st/st37.html	NA
2015	ST38	Changements dans la gouvernance des politiques sociales et dynamique du pacte démocratique en Europe	http://www.afsp.info/archives/congres/congres2015/st/st38.html	NA
2015	ST39	Peut-on parler de régions-providence ? Les politiques sociales entre européanisation et régionalisation	NA	NA
2015	ST40	Entre États et marchés, les transformations des politiques de concurrence	NA	NA
2015	ST41	Crise et gouvernance territoriale en Europe : convergence ou différenciation ?	NA	NA
2015	ST42	« Europeanisation Goes West » : Interroger les effets des élargissements de l’UE à l’Europe centrale sur son fonctionnement	NA	NA
2015	ST43	Le Parlement européen, acteur international et institution parlementaire internationale (IPI): exemples et comparaisons avec d ́autres IPIs	NA	NA
2015	ST44	Modèles et instruments d’administration publique en Europe : l’Union européenne au prisme des phénomènes de circulation internationale	NA	NA
2015	ST45	Les logiques sociales de sélection du personnel politique en Europe Centrale et Orientale et leurs transformations historiques	http://www.afsp.info/archives/congres/congres2015/st/st45.html	NA
2015	ST46	Soulèvements populaires et transformations des régimes politiques : de l’Europe de l’Est à l’Afrique du Nord/Moyen-Orient et retour	NA	Ajournée
2015	ST47	« Révolution », « transition démocratique », « crise politique », « changement de régime »… Enjeux et usages des qualifications politiques et savantes	http://www.afsp.info/archives/congres/congres2015/st/st47.html	NA
2015	ST48	L’ordre social nocturne en questions. Régulations politiques et dispositifs de contrôle	NA	NA
2015	ST49	Protestations ouvrières, clientélismes et mutations du capitalisme. Comparer les mondes industriels sous tension	http://www.afsp.info/archives/congres/congres2015/st/st49.html	NA
2015	ST50	La circulation des procédures judiciaires et des outils du « post-conflit » dans la construction des causes victimaires : une perspective comparée	NA	NA
2015	ST51	Sociologie politique des interventions internationales : Ce que les « terrains » font aux acteurs de la paix	NA	NA
2015	ST52	Politiques mémorielles en contexte « post-conflit » : espaces de production et de manifestation des cadres interprétatifs du conflit	NA	NA
2015	ST53	Violer la loi pour maintenir l’ordre ? Approches comparées du vigilantisme	NA	NA
2015	ST54	Les «bonnes pratiques» des organisations internationales	http://www.afsp.info/archives/congres/congres2015/st/st54.html	NA
2015	ST55	La communication des organisations intergouvernementales	http://www.afsp.info/archives/congres/congres2015/st/st55.html	NA
2015	ST56	La mise en politique de la biodiversité: éclairages pluridisciplinaires	http://www.afsp.info/archives/congres/congres2015/st/st56.html	NA
2015	ST57	Sociologie politique de l’international	http://www.afsp.info/archives/congres/congres2015/st/st57.html	NA
2015	ST58	Elections et politique étrangère en Amérique latine	http://www.afsp.info/archives/congres/congres2015/st/st58.html	NA
2015	ST59	Rencontrer l’administration en Afrique et dans le monde arabe : pratiques, interactions et économie(s) du consentement	NA	NA
2015	ST60	Les usages de l’histoire des idées politiques en Relations internationales	http://www.afsp.info/archives/congres/congres2015/st/st60.html	NA
2015	ST61	Les approches non-occidentales des relations internationales	http://www.afsp.info/archives/congres/congres2015/st/st61.html	NA
2015	ST62	Les Nudges : enjeux, applications et limites du paternalisme libertarien	NA	NA
2015	STRC20IPSA	Political Finance and Political Corruption	NA	IPSA RC 20 Meeting
2015	STGRAM	Les crises dans les négociations internationales	NA	NA
2015	STGREPO	Au-delà du mandat : pour une approche globale de la représentation politique	NA	NA
2015	STPOPACT	Opinion publique et politiques européennes	NA	NA
2015	TR	L’an IV des révolutions arabes : vers un décloisonnement des aires culturelles ?	NA	NA
2017	AD1	Frontières disciplinaires : la science politique comme pratique de recherche et matière d’enseignement	NA	NA
2017	AD2	Passeurs de sciences sociales	NA	NA
2017	AD3	Former aux métiers de la communication en science politique	NA	NA
2017	AD4	Genre, précarité et développement de carrières en science politique	NA	NA
2017	AD5	Recrutements et carrières de politistes en France : règles, normes et pratiques du CNU et du CNRS	NA	NA
2017	AD6	Quelles réformes pour les recrutements des enseignants-chercheurs en science politique ?	NA	NA
2017	CP	Les changements politiques face au changement climatique. Institutionnalisation des innovations de politiques publiques	NA	NA
2017	ST1	Controverses & jeu politique	NA	NA
2017	ST2	Quelle ethnographie pour quelle science politique ?	http://www.afsp.info/congres/congres-2017/sessions/sections-thematiques/st2-2/	NA
2017	ST3	Que faire des traditions politiques en histoire sociale des idées ?	http://www.afsp.info/congres/congres-2017/sessions/sections-thematiques/st3/	NA
2017	ST4	Le rapport entre l’économique et la politique	http://www.afsp.info/congres/congres-2017/sessions/sections-thematiques/st4/	NA
2017	ST5	Science politique du capitalisme	http://www.afsp.info/congres/congres-2017/sessions/sections-thematiques/st5/	NA
2017	ST6	Les nouveaux habits de la protection sociale : transferts de risques, assurances et reconfigurations de l’État-providence	NA	NA
2017	ST7	Que fait le New Public Management aux politiques environnementales ?	http://www.afsp.info/congres/congres-2017/sessions/sections-thematiques/st7/	NA
2017	ST8	Gouverner par les modèles	http://www.afsp.info/congres/congres-2017/sessions/sections-thematiques/st8/	NA
2017	ST9	Les circulations comme révélateur des transformations de l’action publique urbaine	http://www.afsp.info/congres/congres-2017/sessions/sections-thematiques/st9/	NA
2017	ST10	Les données et le gouvernement de la ville	http://www.afsp.info/congres/congres-2017/sessions/sections-thematiques/st10/	NA
2017	ST11	Les métropoles encore au cœur de la critique ? Controverses autour des politiques métropolitaines	http://www.afsp.info/congres/congres-2017/sessions/sections-thematiques/st11/	NA
2017	ST12	L’action publique comme action collective : enquêter sur les acteurs « relais » de la régulation politique	NA	NA
2017	ST13	Pour une sociologie des politiques pénitentiaires	http://www.afsp.info/congres/congres-2017/sessions/sections-thematiques/st13/	NA
2017	ST14	Gouverner les systèmes agri alimentaires et leur durabilité, nouvelles perspectives de recherche	http://www.afsp.info/congres/congres-2017/sessions/sections-thematiques/st14/	NA
2017	ST15	L’État au prisme de l’urgence et des crises	http://www.afsp.info/congres/congres-2017/sessions/sections-thematiques/st15/	NA
2017	ST16	Savoirs et pouvoirs bureaucratiques dans le gouvernement de la nature	http://www.afsp.info/congres/congres-2017/sessions/sections-thematiques/st16/	NA
2017	ST17	Politiques énergétiques : modèles alternatifs et dynamiques locales	NA	NA
2017	ST18	Sociologie politique de l’UE et analyse de l’action publique européenne : quels débats, quelles passerelles ?	NA	NA
2017	ST19	Le champ de l’eurocratie en action	http://www.afsp.info/congres/congres-2017/sessions/sections-thematiques/st19/	NA
2017	ST20	Repenser le rôle des Policy Analysis dans les processus de politiques publiques	http://www.afsp.info/congres/congres-2017/sessions/sections-thematiques/st20/	NA
2017	ST21	Saisir l’action publique en Afrique au prisme des instruments	http://www.afsp.info/congres/congres-2017/sessions/sections-thematiques/st21/	NA
2017	ST22	Redécouper les frontières de l’action publique : de quoi la « transversalité » est-elle le nom ?	NA	NA
2017	ST23	Coalitions Multi-niveaux d’action publique. Théorie et Méthode	http://www.afsp.info/congres/congres-2017/sessions/sections-thematiques/st23/	NA
2017	ST24	La politique saisie par « la transparence ». Sociologie des pratiques et des dispositifs publics	NA	NA
2017	ST25	Contrôle des dépenses de santé et sélection des instruments : une comparaison entre États membres de l’Union Européenne	NA	NA
2017	ST26	Gouverner la sexualité	http://www.afsp.info/congres/congres-2017/sessions/sections-thematiques/st26/	NA
2017	ST27	L’intimité publique : politiques du corps des femmes	NA	NA
2017	ST28	Le genre : un outil de (re)politisation du droit ?	http://www.afsp.info/congres/congres-2017/sessions/sections-thematiques/st28/	NA
2017	ST29	Les mobilisations de mères et de pères, un non objet pour la science politique ? Réflexions sur les processus de politisation parentale individuels et collectifs au début du 21ème siècle	http://www.afsp.info/congres/congres-2017/sessions/sections-thematiques/st29/	NA
2017	ST30	La citoyenneté industrielle : pratiques militantes et sociabilités quotidiennes	NA	NA
2017	ST31	La citoyenneté au prisme de l’action publique : comment l’État travaille-t-il la citoyenneté ?	NA	NA
2017	ST32	Convictions religieuses et citoyenneté aujourd’hui en Europe	http://www.afsp.info/congres/congres-2017/sessions/sections-thematiques/st32/	NA
2017	ST33	Les échelles de citoyenneté	http://www.afsp.info/congres/congres-2017/sessions/sections-thematiques/st33/	NA
2017	ST34	Les élus et l’argent : normes et usages	http://www.afsp.info/congres/congres-2017/sessions/sections-thematiques/st34/	NA
2017	ST35	Des élites administratives de second ordre : positions, trajectoires et logiques de corps	NA	NA
2017	ST36	Le pouvoir local, entre politisation et dépolitisation	http://www.afsp.info/congres/congres-2017/sessions/sections-thematiques/st36/	NA
2017	ST37	Dans l’ombre de la loi. Travail au parlement et vie politique	http://www.afsp.info/congres/congres-2017/sessions/sections-thematiques/st37/	NA
2017	ST38	Qualifier et quantifier l’activité parlementaire : données, méthodes et pratiques	http://www.afsp.info/congres/congres-2017/sessions/sections-thematiques/st38/	NA
2017	ST39	Etre représenté ? Sociologie du sentiment de représentation politique	NA	NA
2017	ST40	Au cœur des Exécutifs : de l’importance des Secrétariats généraux	http://www.afsp.info/congres/congres-2017/sessions/sections-thematiques/st40/	NA
2017	ST41	Les élus de l’étranger : une nouvelle catégorie de représentants politiques ?	http://www.afsp.info/congres/congres-2017/sessions/sections-thematiques/st41/	NA
2017	ST42	Nouvelles sciences électorales : électorat, opinion, élection	http://www.afsp.info/congres/congres-2017/sessions/sections-thematiques/st42/	NA
2017	ST43	Réformer la démocratie. Le changement institutionnel en contexte	http://www.afsp.info/congres/congres-2017/sessions/sections-thematiques/st43/	NA
2017	ST44	Participation Politique et Internet : questions traditionnelles, nouveaux dispositifs de recherche et nouvelles données	NA	NA
2017	ST45	Rapports ordinaires au genre en politique	http://www.afsp.info/congres/congres-2017/sessions/sections-thematiques/st45/	NA
2017	ST46	Les représentations enfantines du politique	http://www.afsp.info/congres/congres-2017/sessions/sections-thematiques/st46/	NA
2017	ST47	Sociabilités politiques et politiques des sociabilités en milieu rural	http://www.afsp.info/congres/congres-2017/sessions/sections-thematiques/st47/	NA
2017	ST48	Sociologie politique des élections professionnelles	http://www.afsp.info/congres/congres-2017/sessions/sections-thematiques/st48/	NA
2017	ST49	Militer dans les médias	http://www.afsp.info/congres/congres-2017/sessions/sections-thematiques/st49/	NA
2017	ST50	Expériences des discriminations, sentiment d’injustice et engagements dans les quartiers populaires	http://www.afsp.info/congres/congres-2017/sessions/sections-thematiques/st50/	NA
2017	ST51	Les publics précaires dans les associations : dynamiques politiques et rapport à l’action sociale	NA	NA
2017	ST52	Quelle sociologie politique du conspirationnisme ? Doxa populaire contre doxa savante de l’ésotérisme politique	NA	NA
2017	ST53	Questions de Genre. Entre États et Religions	NA	NA
2017	ST54	Réagir aux attentats	http://www.afsp.info/congres/congres-2017/sessions/sections-thematiques/st54/	NA
2017	ST55	Les partis et les politiques économiques	http://www.afsp.info/congres/congres-2017/sessions/sections-thematiques/st55/	NA
2017	ST56	Quelle histoire politique écrivent les séries télévisées ?	http://www.afsp.info/congres/congres-2017/sessions/sections-thematiques/st56/	NA
2017	ST57	Les religions dans les capitalismes contemporaines. Normativités, pratiques, engagements	http://www.afsp.info/congres/congres-2017/sessions/sections-thematiques/st57/	NA
2017	ST58	Rendre le religieux gouvernable dans les institutions publiques	http://www.afsp.info/congres/congres-2017/sessions/sections-thematiques/st58/	NA
2017	ST59	L’intérêt général : l’État à l’épreuve de la société	http://www.afsp.info/congres/congres-2017/sessions/sections-thematiques/st59/	NA
2017	ST60	L’engagement des supporters de football dans l’espace public. Une politisation de circonstance ?	http://www.afsp.info/congres/congres-2017/sessions/sections-thematiques/st60/	NA
2017	ST61	Réponses politiques aux menaces « terroristes » : approches comparées	NA	NA
2017	ST62	Au-delà de la “crise des réfugiés”: (re)penser la représentation et la capacité d’action des réfugiés syriens	http://www.afsp.info/congres/congres-2017/sessions/sections-thematiques/st62/	NA
2017	ST63	Vers une typologie des formes de reconnaissance asymétrique dans les relations internationales	http://www.afsp.info/congres/congres-2017/sessions/sections-thematiques/st63/	NA
2017	ST64	Les victimes au tribunal : du témoignage à la preuve judiciaire	http://www.afsp.info/congres/congres-2017/sessions/sections-thematiques/st64/	NA
2017	ST65	Les financements communautaires aux marges de l’Europe. Sociologie des usages	http://www.afsp.info/congres/congres-2017/sessions/sections-thematiques/st65/	NA
2017	ST66	Nouvelles diplomaties et résolution de conflit en Méditerranée	http://www.afsp.info/congres/congres-2017/sessions/sections-thematiques/st66/	NA
2017	ST67	L’ordinaire de la sortie de guerre. Sociologie de l’action publique après la violence armée	http://www.afsp.info/congres/congres-2017/sessions/sections-thematiques/st67/	NA
2017	ST68	Crime et guerre : sociologie historique d’un partage inachevé	NA	NA
2017	ST69	Les pratiques de la politique étrangère et de la diplomatie : nouveaux enjeux	http://www.afsp.info/congres/congres-2017/sessions/sections-thematiques/st69/	NA
2017	ST70	Gouverner les risques dans les États fragiles	NA	NA
2017	ST71	États infaillibles ? Fragmentation des institutions et institutionnalisation du chaos	NA	NA
2017	ST72	L’environnement en Relations Internationales : pour une sociologie historique	NA	NA
2017	ST73	Fonctionnalisation et (dé)politisation de l’Assemblée générale des Nations Unies : contributions à une sociologie des institutions internationales	http://www.afsp.info/congres/congres-2017/sessions/sections-thematiques/st73/	NA
2017	ST74	Le séminaire : un nouvel objet pour l’histoire des idées politiques	http://www.afsp.info/congres/congres-2017/sessions/sections-thematiques/st74/	NA
2017	ST75	Le rapport au rapport. Un impensé de la science politique ?	NA	NA
2017	ST76	Contributions et perspectives critiques des éthiques environnementales dans la pensée politique : théories, pratiques et activités politiques	http://www.afsp.info/congres/congres-2017/sessions/sections-thematiques/st76/	NA
2019	ST01	Causalités et « méthodes mixtes » dans l’analyse du politique : enjeux théoriques et méthodologiques pour la science politique française	https://www.afsp.info/congres/congres-2019/sections-thematiques/st-01/	NA
2019	ST02	Les conflits de l’extractivisme : entre problématiques locales et agenda global	https://www.afsp.info/congres/congres-2019/sections-thematiques/st-02/	NA
2019	ST03	Evaluer les régressions démocratiques dans l’Amérique latine contemporaine (2009-2019)	https://www.afsp.info/congres/congres-2019/sections-thematiques/st-03/	NA
2019	ST04	Genesis and evolution of the political field	https://www.afsp.info/congres/congres-2019/sections-thematiques/st-04/	NA
2019	ST06	Les fusions des organisations publiques. Une nouvelle forme du souci de soi de l’Etat	https://www.afsp.info/congres/congres-2019/sections-thematiques/st-06/	NA
2019	ST07	Le gouvernement des conduites en contexte numérique : Approches comparées	https://www.afsp.info/congres/congres-2019/sections-thematiques/st-07/	NA
2019	ST08	Instruments des réformes managériales et mobilisations professionnelles	https://www.afsp.info/congres/congres-2019/sections-thematiques/st-08/	NA
2019	ST09	Mythes, croyances et politique(s)	https://www.afsp.info/congres/congres-2019/sections-thematiques/st-09/	NA
2019	ST10	Pour une sociologie des intermédiaires politiques entre gouvernants et gouvernés	https://www.afsp.info/congres/congres-2019/sections-thematiques/st-10/	NA
2019	ST11	Penser la transformation des usages du passé dans les conflits et les politiques de sortie de conflit : un agenda de recherche revisité	https://www.afsp.info/congres/congres-2019/sections-thematiques/st-11/	NA
2019	ST12	Au-delà des partis et des élections ? Confronter théorie politique et perception des acteurs	https://www.afsp.info/congres/congres-2019/sections-thematiques/st-12/	NA
2019	ST13	Les « troisièmes voies » en politique : acteurs, idées, répertoires	https://www.afsp.info/congres/congres-2019/sections-thematiques/st-13/	NA
2019	ST14	Les politiques publiques européennes et britanniques face aux turbulences du Brexit	https://www.afsp.info/congres/congres-2019/sections-thematiques/st-14/	NA
2019	ST15	Faire la paix : succès et échecs des processus de médiation internationale	https://www.afsp.info/congres/congres-2019/sections-thematiques/st-15/	NA
2019	ST16	Travail bureaucratique, paperasse et simplification administrative à l’interface des citoyens et de l’Etat	https://www.afsp.info/congres/congres-2019/sections-thematiques/st-16/	NA
2019	ST17	Penser le changement politique au-delà du « Democratic backlash » : usages, controverses et politiques du passé	https://www.afsp.info/congres/congres-2019/sections-thematiques/st-17/	NA
2019	ST18	Les élites et l’argent	https://www.afsp.info/congres/congres-2019/sections-thematiques/st-18/	NA
2019	ST19	Genre et formes d’organisation dans l’action collective	https://www.afsp.info/congres/congres-2019/sections-thematiques/st-19/	NA
2019	ST20	Production et circulation des idées conservatrices	https://www.afsp.info/congres/congres-2019/sections-thematiques/st-20/	NA
2019	ST21	Pour une sociologie politique des minorités sexuelles et de genre	https://www.afsp.info/congres/congres-2019/sections-thematiques/st-21/	NA
2019	ST22	Campagnes électorales et numérique : regards croisés à l’international	https://www.afsp.info/congres/congres-2019/sections-thematiques/st-22/	NA
2019	ST23	Gouvernance et industrie minière extractive, du marché global aux politisations locales	https://www.afsp.info/congres/congres-2019/sections-thematiques/st-23/	NA
2019	ST24	Mobilisations des minorités sexuelles et de genre en dehors du « Nord global »: (dé)politisation, circulations transnationales et résistances	https://www.afsp.info/congres/congres-2019/sections-thematiques/st-24/	NA
2019	ST25	La racialisation des politiques publiques par le bas : les gouverné.es face aux catégorisations ethno-raciales	https://www.afsp.info/congres/congres-2019/sections-thematiques/st-25/	NA
2019	ST26	Existe-t-il quelque chose comme un « conservatisme de gauche » ?	https://www.afsp.info/congres/congres-2019/sections-thematiques/st-26/	NA
2019	ST27	« L’Etat vert » à l’épreuve du bleu. Quelles réoganisations politiques pour la gouvernance des mers et des littoraux	https://www.afsp.info/congres/congres-2019/sections-thematiques/st-27/	NA
2019	ST28	Pour une sociologie politiques des « outre-mer »	https://www.afsp.info/congres/congres-2019/sections-thematiques/st-28/	NA
2019	ST29	Au-delà de la sphère politique : regards croisés sur les espaces et registres de mobilisation des groupes minoritaires	https://www.afsp.info/congres/congres-2019/sections-thematiques/st-29/	NA
2019	ST30	Analyser la confiance dans un contexte multiniveaux : récits scalaires, capacité politique et gouvernance territoriale	https://www.afsp.info/congres/congres-2019/sections-thematiques/st-30/	NA
2019	ST31	Discrimination, identité (nationale), communautarisme : la singularité de la décennie 1990 en question	https://www.afsp.info/congres/congres-2019/sections-thematiques/st-31/	NA
2019	ST32	Dynamique des tournants autoritaires	https://www.afsp.info/congres/congres-2019/sections-thematiques/st-32/	NA
2019	ST33	Mondes professionnels et formes d’engagements : quelles mutations	https://www.afsp.info/congres/congres-2019/sections-thematiques/st-33/	NA
2019	ST34	Articuler « modèles » théoriques et « données » empiriques : boîtes à outils et retours d’enquêtes	https://www.afsp.info/congres/congres-2019/sections-thematiques/st-34/	NA
2019	ST35	Parlement et action publique : approches quantitatives	https://www.afsp.info/congres/congres-2019/sections-thematiques/st-35/	NA
2019	ST36	De la circulation internationale des modèles d’enseignement supérieur et de recherche à l’évolution des modèles nationaux de politiques scientifiques	https://www.afsp.info/congres/congres-2019/sections-thematiques/st-36/	NA
2019	ST37	Les extrêmes droites européennes : organisations, mobilisations, militants	https://www.afsp.info/congres/congres-2019/sections-thematiques/st-37/	NA
2019	ST38	La production des savoirs sur la guerre : enjeux méthodologiques et éthiques	https://www.afsp.info/congres/congres-2019/sections-thematiques/st-38/	NA
2019	ST39	Sociologie de l’action publique transnationale	https://www.afsp.info/congres/congres-2019/sections-thematiques/st-39/	NA
2019	ST40	Regards décentrés sur l’autoritarisme : acteurs, relations et espaces	https://www.afsp.info/congres/congres-2019/sections-thematiques/st-40/	NA
2019	ST42	Prévenir les radicalités violentes : du « problème » aux dispositifs d’action publique	https://www.afsp.info/congres/congres-2019/sections-thematiques/st-42/	NA
2019	ST43	(Re)Définir la prohibition des drogues	https://www.afsp.info/congres/congres-2019/sections-thematiques/st-43/	NA
2019	ST44	Saisir les transformations de la sécurité intérieure européenne au prisme des acteurs	https://www.afsp.info/congres/congres-2019/sections-thematiques/st-44/	NA
2019	ST45	Micro-macro. Enjeux méthodologiques des analyses à plusieurs niveaux	https://www.afsp.info/congres/congres-2019/sections-thematiques/st-45/	NA
2019	ST46	Renouvellement générationnel et transformations politiques	https://www.afsp.info/congres/congres-2019/sections-thematiques/st-46/	NA
2019	ST47	Lutter contre la corruption : frontières, cadrages, mobilisations	https://www.afsp.info/congres/congres-2019/sections-thematiques/st-47/	NA
2019	ST48	Se mobiliser en contexte autoritaire	https://www.afsp.info/congres/congres-2019/sections-thematiques/st-48/	NA
2019	ST49	Politique de l’alimentation et territoires, politique des territoires et alimentation	https://www.afsp.info/congres/congres-2019/sections-thematiques/st-49/	NA
2019	ST50	Pour une sociologie politique du traitement des restes humains	https://www.afsp.info/congres/congres-2019/sections-thematiques/st-50/	NA
2019	ST51	Expression et participation politiques en ligne de chinois, de la diaspora et de Chine	https://www.afsp.info/congres/congres-2019/sections-thematiques/st-51/	NA
2019	ST52	Sociologie des politiques économiques internationales	https://www.afsp.info/congres/congres-2019/sections-thematiques/st-52/	NA
2019	ST53	Politique publique et régime politique : back to basics	https://www.afsp.info/congres/congres-2019/sections-thematiques/st-53/	NA
2019	ST54	Pensées de la « citoyenneté industrielle » : controverses politiques, luttes symboliques et rapports de classe	https://www.afsp.info/congres/congres-2019/sections-thematiques/st-54/	NA
2019	ST55	Pouvoir politique et contraintes juridictionnelles – Analyses contemporaines	https://www.afsp.info/congres/congres-2019/sections-thematiques/st-55/	NA
2019	ST56	Crises économiques et changements dans l’action publique : les apports d’une approche centrée sur les interactions d’acteurs	https://www.afsp.info/congres/congres-2019/sections-thematiques/st-56/	NA
2019	ST57	Théories situées de la justice	https://www.afsp.info/congres/congres-2019/sections-thematiques/st-57/	NA
2019	ST58	L’austérité en débats: échelles, instruments, secteurs	https://www.afsp.info/congres/congres-2019/sections-thematiques/st-58/	NA
2019	ST59	Politique du hacking ? Enquête sur les ruses numériques	https://www.afsp.info/congres/congres-2019/sections-thematiques/st-59/	NA
2019	ST60	Mesure des effets, effets de la mesure. Enjeux de connaissance dans le gouvernement des risques sanitaires liés à l’environnement	https://www.afsp.info/congres/congres-2019/sections-thematiques/st-60/	NA
2019	ST61	Quelle(s) climatisation(s) des politiques publiques ?	https://www.afsp.info/congres/congres-2019/sections-thematiques/st-61/	NA
2019	ST63	Sociologie politique des utopies communautaires	https://www.afsp.info/congres/congres-2019/sections-thematiques/st-63/	NA
2019	ST64	Businessmen en politique : comment le capital économique se convertit-il en capital politique ?	https://www.afsp.info/congres/congres-2019/sections-thematiques/st-64/	NA
2019	ST65	Quantifier en sociologue de l’action publique	https://www.afsp.info/congres/congres-2019/sections-thematiques/st-65/	NA
2019	ST66	Mobiliser les « expats ». Construction, identification et représentation des migrants européens	https://www.afsp.info/congres/congres-2019/sections-thematiques/st-66/	NA
2019	ST67	Trajectoires démocratiques, autoritaires et autres : régimes politiques entre consolidations, hybridations et fragmentations	https://www.afsp.info/congres/congres-2019/sections-thematiques/st-67/	NA
2019	ST68	La « contrainte européenne » dans la fabrique des politiques économiques nationales au sein de la zone euro	https://www.afsp.info/congres/congres-2019/sections-thematiques/st-68/	NA
2019	ST69	Les détournements du « genre » comme outil de légitimation pour les formations populistes d’extrême droite	https://www.afsp.info/congres/congres-2019/sections-thematiques/st-69/	NA
2019	ST70	Philanthropie et Etat au XXIe siècle	https://www.afsp.info/congres/congres-2019/sections-thematiques/st-70/	NA
2019	ST71	Livres politiques, livres de politiques	https://www.afsp.info/congres/congres-2019/sections-thematiques/st-71/	NA
2019	ST72	Politique(s) des dystopies	https://www.afsp.info/congres/congres-2019/sections-thematiques/st-72/	NA
2019	ST73	La science politique au défi conceptuel des nouvelles formes d’entreprises politiques	https://www.afsp.info/congres/congres-2019/sections-thematiques/st-73/	NA
2019	ST74	Le pouvoir discrétionnaire de l’Etat à ses frontières	https://www.afsp.info/congres/congres-2019/sections-thematiques/st-74/	NA
2019	ST75	Mobilisations transnationales des milieux économiques : acteurs, organisations, idées	https://www.afsp.info/congres/congres-2019/sections-thematiques/st-75/	NA
2019	ST76	L’union fait la force ? Les interventions militaires multinationales	https://www.afsp.info/congres/congres-2019/sections-thematiques/st-76/	NA
2019	ST77	Cadrage spatial et cadrage de la cause	https://www.afsp.info/congres/congres-2019/sections-thematiques/st-77/	NA
2019	ST78	Passer au Parlement, regards croisés legislative studies et politiques publiques : approches qualitatives	https://www.afsp.info/congres/congres-2019/sections-thematiques/st-78/	NA
2019	ST79	La « captation épistémique »: les institutions internationales et la digestion de la critique sociale	https://www.afsp.info/congres/congres-2019/sections-thematiques/st-79/	NA
2019	ST80	Les pouvoirs locaux au prisme des réformes institutionnelles : logiques, enjeux et perception par l’opinion publique	https://www.afsp.info/congres/congres-2019/sections-thematiques/st-80/	NA
2019	ST81	Construction de standards et standardisation des pratiques ? Questionner l’économie mainstream à l’aide des sciences sociales	https://www.afsp.info/congres/congres-2019/sections-thematiques/st-81/	NA
2019	ST82	Contester la métropole	https://www.afsp.info/congres/congres-2019/sections-thematiques/st-82/	NA
2019	ST83	Démocratie multiculturelle et citoyenneté défaillante ?	https://www.afsp.info/congres/congres-2019/sections-thematiques/st-83/	NA
2019	ST84	Kingdon 30 ans après. Un état des lieux de la théorie des courants multiples	https://www.afsp.info/congres/congres-2019/sections-thematiques/st-84/	NA
2019	ST85	Les migrations : objet pour ou au-delà de la science politique	https://www.afsp.info/congres/congres-2019/sections-thematiques/st-85/	NA
2019	ST86	Ce que l’intersectionnalité fait aux pratiques militantes (et inversement)	https://www.afsp.info/congres/congres-2019/sections-thematiques/st-86/	NA
2019	ST87	Quelles leçons du « Brexit » pour l’UE et l’intégration européenne ? Etudes empiriques et réflexions théoriques et normatives	https://www.afsp.info/congres/congres-2019/sections-thematiques/st-87/	NA
2019	ST88	Où va l’analyse des politiques publiques au 21e siècle ?	https://www.afsp.info/congres/congres-2019/sections-thematiques/st-88/	NA
2019	STGACOMPETITIONPOLITIQUE	GA « Compétition politique » Transformations des conflits et des partis politiques en Europe	https://www.afsp.info/congres/congres-2019/sections-thematiques/st-ga-competition-politique/	NA
2019	STGADEMOCRATIESETAUTORITARISMES	GA « Démocraties et autoritarismes » Démocraties et autoritarismes : la démarche classificatoire en politique comparée	https://www.afsp.info/congres/congres-2019/sections-thematiques/st-ga-democraties-et-autoritarismes/	NA
2019	STGAINSTITUTIONSACTIONPUBLIQUEETGOUVERNEMENT	GA « Institutions, Action publique et Gouvernement » Clivages épistémologiques ou « éclectisme concordataire » ? Les projets intellectuels de la sociologie française de l’action publique au prisme de ses espaces de publication	https://www.afsp.info/congres/congres-2019/sections-thematiques/st-ga-institutions-action-publique-et-gouvernement/	NA
2019	STGAINEGALITESETDISCRIMINATIONS	GA « Inégalités et discriminations » Discriminations : les apports de la science politique	https://www.afsp.info/congres/congres-2019/sections-thematiques/st-ga-inegalites-et-discriminations/	NA
2019	STGAMONDIALISATIONCIRCULATIONSTRANSNATIONALISATION	GA « Mondialisation, circulations, transnationalisation » Peut-on faire une science politique globale ? Enjeux normatifs, épistémologiques et méthodologiques	https://www.afsp.info/congres/congres-2019/sections-thematiques/st-ga-mondialisation-circulations-transnationalisation/	NA
2019	STGANORMESETJUSTICE	GA « Normes et Justice » Comparer les expériences et représentations des professionnels et usagers des services publics	https://www.afsp.info/congres/congres-2019/sections-thematiques/st-ga-normes-et-justice/	NA
2019	STGAREGULATIONSMARCHESCAPITALISMES	GA « Régulations, marchés, capitalismes » Economies politiques et politiques économiques	https://www.afsp.info/congres/congres-2019/sections-thematiques/st-ga-regulations-marches-capitalismes/	NA
2019	STGASAVOIRSDISCIPLINESPOUVOIRS	GA « Savoirs, disciplines, pouvoirs » Savoirs, disciplines, pouvoirs : disciplinarisation des conduites, politisation des savoirs savants	https://www.afsp.info/congres/congres-2019/sections-thematiques/st-ga-savoirs-disciplines-pouvoirs/	NA
2019	STGAVIOLENCESETCONFLITS	GA « Violences et conflits » Interventions occidentales et dispositifs miliciens / Paths to Civil War	https://www.afsp.info/congres/congres-2019/sections-thematiques/st-ga-violences-et-conflits/	NA
2017	ST1	Controverses & jeu politique	http://www.afsp.info/congres/congres-2017/sessions/sections-thematiques/st1/	NA
2017	ST6	Les nouveaux habits de la protection sociale : transferts de risques, assurances et reconfigurations de l’État-providence	http://www.afsp.info/congres/congres-2017/sessions/sections-thematiques/st6/	NA
2017	ST12	L’action publique comme action collective : enquêter sur les acteurs « relais » de la régulation politique	http://www.afsp.info/congres/congres-2017/sessions/sections-thematiques/st12/	NA
2017	ST17	Politiques énergétiques : modèles alternatifs et dynamiques locales	http://www.afsp.info/congres/congres-2017/sessions/sections-thematiques/st17/	NA
2017	ST18	Sociologie politique de l’UE et analyse de l’action publique européenne : quels débats, quelles passerelles ?	http://www.afsp.info/congres/congres-2017/sessions/sections-thematiques/st18/	NA
2017	ST22	Redécouper les frontières de l’action publique : de quoi la « transversalité » est-elle le nom ?	http://www.afsp.info/congres/congres-2017/sessions/sections-thematiques/st22/	NA
2017	ST24	La politique saisie par « la transparence ». Sociologie des pratiques et des dispositifs publics	http://www.afsp.info/congres/congres-2017/sessions/sections-thematiques/st24/	NA
2017	ST25	Contrôle des dépenses de santé et sélection des instruments : une comparaison entre Etats membres de l’Union Européenne	http://www.afsp.info/congres/congres-2017/sessions/sections-thematiques/st25/	NA
2017	ST27	L’intimité publique : politiques du corps des femmes	http://www.afsp.info/congres/congres-2017/sessions/sections-thematiques/st27/	NA
2017	ST30	La citoyenneté industrielle : pratiques militantes et sociabilités quotidiennes	http://www.afsp.info/congres/congres-2017/sessions/sections-thematiques/st30/	NA
2017	ST31	La citoyenneté au prisme de l’action publique : comment l’Etat travaille-t-il la citoyenneté ?	http://www.afsp.info/congres/congres-2017/sessions/sections-thematiques/st31/	NA
2017	ST35	Des élites administratives de second ordre : positions, trajectoires et logiques de corps	http://www.afsp.info/congres/congres-2017/sessions/sections-thematiques/st35/	NA
2017	ST39	Etre représenté ? Sociologie du sentiment de représentation politique.	http://www.afsp.info/congres/congres-2017/sessions/sections-thematiques/st39/	NA
2017	ST44	Participation Politique et Internet : questions traditionnelles, nouveaux dispositifs de recherche et nouvelles données	http://www.afsp.info/congres/congres-2017/sessions/sections-thematiques/st44/	NA
2017	ST51	Les publics précaires dans les associations : dynamiques politiques et rapport à l’action sociale	http://www.afsp.info/congres/congres-2017/sessions/sections-thematiques/st51/	NA
2017	ST52	Quelle sociologie politique du conspirationnisme ? Doxa populaire contre doxa savante de l’ésotérisme politique	http://www.afsp.info/congres/congres-2017/sessions/sections-thematiques/st52/	NA
2017	ST53	Questions de Genre. Entre Etats et Religions	http://www.afsp.info/congres/congres-2017/sessions/sections-thematiques/st53/	NA
2017	ST61	Réponses politiques aux menaces « terroristes » : approches comparées	http://www.afsp.info/congres/congres-2017/sessions/sections-thematiques/st61/	NA
2017	ST68	Crime et guerre : sociologie historique d’un partage inachevé	http://www.afsp.info/congres/congres-2017/sessions/sections-thematiques/st68/	NA
2017	ST70	Gouverner les risques dans les Etats fragiles	http://www.afsp.info/congres/congres-2017/sessions/sections-thematiques/st70/	NA
2017	ST71	États infaillibles ? Fragmentation des institutions et institutionnalisation du chaos	http://www.afsp.info/congres/congres-2017/sessions/sections-thematiques/st71/	NA
2017	ST72	L’environnement en Relations Internationales : pour une sociologie historique	http://www.afsp.info/congres/congres-2017/sessions/sections-thematiques/st72/	NA
2017	ST75	Le rapport au rapport. Un impensé de la science politique ?	http://www.afsp.info/congres/congres-2017/sessions/sections-thematiques/st75/	NA
2015	ST3	Matérialité de l'électeur. Approches empiriques comparées des dispositifs de vote.	http://www.afsp.info/archives/congres/congres2015/st/st3.html	NA
2015	ST4	Investiguer le bureau de vote. Réflexions  épistémologiques et mutualisation des expériences de terrain	http://www.afsp.info/archives/congres/congres2015/st/st4.html	NA
2015	ST6	Les réformes électorales : un nouvel angle d’approche des systèmes électoraux ?	http://www.afsp.info/archives/congres/congres2015/st/st6.html	NA
2015	ST7	Les appropriations méthodologiques d'internet dans la recherche sur des objets politiques	http://www.afsp.info/archives/congres/congres2015/st/st7.html	NA
2015	ST9	A quoi sert la psychologie politique ?	http://www.afsp.info/archives/congres/congres2015/st/st9.html	NA
2015	ST12	(Ne pas) Consentir ? Conformismes contestataires et institutions de la critique	http://www.afsp.info/archives/congres/congres2015/st/st12.html	NA
2015	ST13	« Banaliser » un objet socio-historique : les gauches alternatives dans les années 1968	http://www.afsp.info/archives/congres/congres2015/st/st13.html	NA
2015	ST15	Quelle économie politique pour quelle «crise» ?	http://www.afsp.info/archives/congres/congres2015/st/st15.html	NA
2015	ST18	Gouverner (par) les données. Open-data et Big Data : vers une redéfinition des outils et des publics de l'action publique ?	http://www.afsp.info/archives/congres/congres2015/st/st18.html	NA
2015	ST19	La profession politique aujourd’hui. Comment sociologiser les transformations  du champ politique ?	http://www.afsp.info/archives/congres/congres2015/st/st19.html	NA
2015	ST23	Remettre les idées sur le métier ? La place des  « idées » dans la profession politique	http://www.afsp.info/archives/congres/congres2015/st/st23.html	NA
2015	ST24	L’avenir de la démocratie délibérative : forums, systèmes, médias	http://www.afsp.info/archives/congres/congres2015/st/st24.html	NA
2015	ST28	Ethnographier les institutions : un impératif empirique ?	http://www.afsp.info/archives/congres/congres2015/st/st28.html	NA
2015	ST33	Les acteurs politiques face à la crise : entre  « volontarisme » et « contraintes » dans les politiques publiques	http://www.afsp.info/archives/congres/congres2015/st/st33.html	NA
2015	ST34	Former les élus : repenser la relation entre légitimité démocratique et expertise	http://www.afsp.info/archives/congres/congres2015/st/st34.html	NA
2015	ST35	Pour une sociologie politique de l’énergie : approches théoriques et nouveaux enjeux	http://www.afsp.info/archives/congres/congres2015/st/st35.html	NA
2015	ST39	Peut-on parler de régions-providence ? Les politiques sociales entre européanisation et régionalisation	http://www.afsp.info/archives/congres/congres2015/st/st39.html	NA
2015	ST40	Entre Etats et marchés, les transformations des politiques de concurrence	http://www.afsp.info/archives/congres/congres2015/st/st40.html	NA
2015	ST41	Crise et gouvernance territoriale en Europe : convergence ou différenciation ?	http://www.afsp.info/archives/congres/congres2015/st/st41.html	NA
2015	ST42	« Europeanisation Goes West » : Interroger les effets des élargissements de l’UE à l’Europe centrale sur son  fonctionnement	http://www.afsp.info/archives/congres/congres2015/st/st42.html	NA
2015	ST43	Le Parlement européen, acteur international et institution parlementaire internationale (IPI): exemples et comparaisons avec d ́autres IPIs.	http://www.afsp.info/archives/congres/congres2015/st/st43.html	NA
2015	ST44	Modèles et instruments d’administration publique en Europe : l’Union européenne au prisme des phénomènes de circulation internationale	http://www.afsp.info/archives/congres/congres2015/st/st44.html	NA
2015	ST48	L'ordre social nocturne en questions. Régulations politiques et dispositifs de contrôle	http://www.afsp.info/archives/congres/congres2015/st/st48.html	NA
2015	ST50	La circulation des procédures judiciaires et des outils du « post-conflit » dans la construction des causes victimaires : une perspective comparée	http://www.afsp.info/archives/congres/congres2015/st/st50.html	NA
2015	ST51	Sociologie politique des interventions internationales : Ce que les « terrains » font aux acteurs de la paix	http://www.afsp.info/archives/congres/congres2015/st/st51.html	NA
2015	ST52	Politiques mémorielles en contexte « post-conflit » : espaces de production et de manifestation des cadres interprétatifs du conflit	http://www.afsp.info/archives/congres/congres2015/st/st52.html	NA
2015	ST53	Violer la loi pour maintenir l’ordre ? Approches comparées du vigilantisme	http://www.afsp.info/archives/congres/congres2015/st/st53.html	NA
2015	ST59	Rencontrer l’administration en Afrique et dans le monde arabe : pratiques, interactions et économie(s) du  consentement	http://www.afsp.info/archives/congres/congres2015/st/st59.html	NA
2015	ST62	Les Nudges : enjeux, applications et limites du paternalisme libertarien	http://www.afsp.info/archives/congres/congres2015/st/st62.html	NA
2015	STRC20IPSA	RC20 IPSA / Political Finance and Political Corruption	http://www.afsp.info/archives/congres/congres2015/st/strc20ipsa.html	NA
2015	STGRAM	GRAM / Les crises dans les négociations internationales	http://www.afsp.info/archives/congres/congres2015/st/stgram.html	NA
2015	STGREPO	GRePo / Au-delà du mandat : pour une approche globale de la représentation politique	http://www.afsp.info/archives/congres/congres2015/st/stgrepo.html	NA
2015	STPOPACT	PopAct / Opinion publique et politiques européennes	http://www.afsp.info/archives/congres/congres2015/st/stpopact.html	NA
2013	ST1	US politics and policies in motion : un nouveau regard sur l’Etat américain	http://www.afsp.info/archives/congres/congres2013/st/st1/st1.html	NA
2013	ST3	Gouverner la mémoire, gouverner le futur.  Nouvelles perspectives sur l’Etat à partir d’objets  « marginaux »	http://www.afsp.info/archives/congres/congres2013/st/st3/st3.html	NA
2013	ST4	Les politiques de réforme de l’Etat et des services publics :  une approche par les activités des « cadres intermédiaires » de l’administration	http://www.afsp.info/archives/congres/congres2013/st/st4/st4.html	NA
2013	ST5	Ce que le genre fait à l’Etat : une ethnographie du contrôle des déviances	http://www.afsp.info/archives/congres/congres2013/st/st5/st5.html	NA
2013	ST9	L’économie sociale et solidaire et les territoires du politique : vers un dialogue interdisciplinaire	http://www.afsp.info/archives/congres/congres2013/st/st9/st9.html	NA
2013	ST10	Sociologie politique des agendas. Emploi du temps, activité quotidienne des acteurs  politiques et gouvernement des territoires	http://www.afsp.info/archives/congres/congres2013/st/st10/st10.html	NA
2013	ST11	Regards croisés sur les catégorisations ethnoraciales : action publique et mobilisations en contextes nationaux	http://www.afsp.info/archives/congres/congres2013/st/st11/st11.html	NA
2013	ST12	La terre et le politique : de la construction de l’État aux mobilisations sociales	http://www.afsp.info/archives/congres/congres2013/st/st12/st12.html	NA
2013	ST15	Markets and Health. Quels enjeux nationaux et internationaux ?  Quelle régulation politique ?	http://www.afsp.info/archives/congres/congres2013/st/st15/st15.html	NA
2013	ST16	Sociologie des politiques économiques : état des lieux et perspectives	http://www.afsp.info/archives/congres/congres2013/st/st16/st16.html	NA
2013	ST17	Retour sur le gouvernement des risques collectifs : quelle place pour les industriels ?	http://www.afsp.info/archives/congres/congres2013/st/st17/st17.html	NA
2013	ST20	Vers une sociologie politique des sciences ?	http://www.afsp.info/archives/congres/congres2013/st/st20/st20.html	NA
2013	ST21	L’activité scientifique au prisme de  l’impératif participatif	http://www.afsp.info/archives/congres/congres2013/st/st21/st21.html	NA
2013	ST23	Agendas publics et réactivité démocratique : une perspective comparée	http://www.afsp.info/archives/congres/congres2013/st/st23/st23.html	NA
2013	ST24	Un retour des meetings électoraux ? Les meetings dans la campagne présidentielle : dispositifs, acteurs et publics	http://www.afsp.info/archives/congres/congres2013/st/st24/st24.html	NA
2013	ST25	Hérédité et compétition politique : Le paradoxe de la transmission familiale du pouvoir politique dans les systèmes politiques concurrentiels	http://www.afsp.info/archives/congres/congres2013/st/st25/st25.html	NA
2013	ST26	L’élection présidentielle de 2012 : quelles permanences et quelles évolutions des « alignements » électoraux ?	http://www.afsp.info/archives/congres/congres2013/st/st26/st26.html	NA
2013	ST27	"Le ""nouveau"" Front national en question"	http://www.afsp.info/archives/congres/congres2013/st/st27/st27.html	NA
2013	ST30	Les enseignants, un groupe mobilisé ?	http://www.afsp.info/archives/congres/congres2013/st/st30/st30.html	NA
2013	ST32	Des mouvements en changement : autonomisation, institutionnalisation, professionnalisation et transnationalisation des associations LGBT	http://www.afsp.info/archives/congres/congres2013/st/st32/st32.html	NA
2013	ST34	L’analyse de réseaux comme méthode pour la science  politique	http://www.afsp.info/archives/congres/congres2013/st/st34/st34.html	NA
2013	ST35	La socialisation politique des enfants :  pour un réexamen empirique et transdisciplinaire	http://www.afsp.info/archives/congres/congres2013/st/st35/st35.html	NA
2013	ST36	La division du travail exécutif : distribution, différenciation et appropriation des postes exécutifs	http://www.afsp.info/archives/congres/congres2013/st/st36/st36.html	NA
2013	ST37	Groupes d’intérêt et Think tanks pendant les campagnes électorales. Qui intervient ? Comment ? Avec quels effets politiques ?	http://www.afsp.info/archives/congres/congres2013/st/st37/st37.html	NA
2013	ST40	La gouvernance : ouverture démocratique ou pluralisme limité ?	http://www.afsp.info/archives/congres/congres2013/st/st40/st40.html	NA
2013	ST42	La « dépolitisation » : registres, processus et interprétations	http://www.afsp.info/archives/congres/congres2013/st/st42/st42.html	NA
2013	ST43	Une échelle parmi d’autres ? La fabrique européenne des politiques de réconciliation	http://www.afsp.info/archives/congres/congres2013/st/st43/st43.html	NA
2013	ST45	Organisations internationales et acteurs non étatiques : vers de nouvelles pratiques démocratiques dans l’espace international ?	http://www.afsp.info/archives/congres/congres2013/st/st45/st45.html	NA
2013	ST46	La globalisation à l’aune du genre : vers une sociologie politique de la promotion internationale des normes égalitaires	http://www.afsp.info/archives/congres/congres2013/st/st46/st46.html	NA
2013	ST54	Praticiens et experts de la sécurité internationale : sociologie politique d’un espace professionnel	http://www.afsp.info/archives/congres/congres2013/st/st54/st54.html	NA
2013	ST55	Foucault ou le politiste impossible ?	http://www.afsp.info/archives/congres/congres2013/st/st55/st55.html	NA
2013	ST57	Comment étudier les clubs, les fondations politiques, les think tanks ?	http://www.afsp.info/archives/congres/congres2013/st/st57/st57.html	NA
2013	ST60	Une sociologie de la pensée politique est-elle possible ? Le cas des (néo)libéralismes	http://www.afsp.info/archives/congres/congres2013/st/st60/st60.html	NA
2013	ST61	Quelle place pour le comparatisme en histoire des idées politiques et en théorie politique ?	http://www.afsp.info/archives/congres/congres2013/st/st61/st61.html	NA
2013	ST65	"Des ""politiques"" de l'intersectionnalité. Un regard comparatif sur l’institutionnalisation du traitement des discriminations multiples en Europe"	http://www.afsp.info/archives/congres/congres2013/st/st65/st65.html	NA
2013	ST66	Le partage public-privé : généalogie et recompositions	http://www.afsp.info/archives/congres/congres2013/st/st66/st66.html	NA
2011	ST3	La sortie des conflits armés contemporains : Quel rôle pour les institutions internationales ?	http://www.afsp.info/archives/congres/congres2011/sectionsthematiques/st3/st3.html	NA
2011	ST4	Métier : pacificateur. Professionnels internationaux de la paix et sorties de conflits depuis l’entre-deux-guerres	http://www.afsp.info/archives/congres/congres2011/sectionsthematiques/st4/st4.html	NA
2011	ST6	Sociologie des politiques de DDR : analyse des processus de co-production	http://www.afsp.info/archives/congres/congres2011/sectionsthematiques/st6/st6.html	NA
2011	ST7	La pacification politique : questionnements historiques et analyses symboliques	http://www.afsp.info/archives/congres/congres2011/sectionsthematiques/st7/st7.html	NA
2011	ST8	Représentations et labellisations de la « guerre » : pour une sociologie interprétativiste des systèmes de classification de la conflictualité internationale	http://www.afsp.info/archives/congres/congres2011/sectionsthematiques/st8/st8.html	NA
2011	ST9	Ni guerre, ni paix : enquêtes sur les ordres politiques disloqués	http://www.afsp.info/archives/congres/congres2011/sectionsthematiques/st9/st9.html	NA
2011	ST10	La notion de martyr en science politique : au-delà des mots et des maux	http://www.afsp.info/archives/congres/congres2011/sectionsthematiques/st10/st10.html	NA
2011	ST11	L’Etat en restructuration. Division du travail, hiérarchies, action publique et identités professionnelles dans des administrations en recomposition	http://www.afsp.info/archives/congres/congres2011/sectionsthematiques/st11/st11.html	NA
2011	ST12	L’Etat et ses territoires : nouvelles logiques, nouvelles relations ?	http://www.afsp.info/archives/congres/congres2011/sectionsthematiques/st12/st12.html	NA
2011	ST13	L’entre-soi politique local : Approches ethnographiques	http://www.afsp.info/archives/congres/congres2011/sectionsthematiques/st13/st13.html	NA
2011	ST14	Retour sur l’Etat local	http://www.afsp.info/archives/congres/congres2011/sectionsthematiques/st14/st14.html	NA
2011	ST15	L’ « Etat régulateur » en question : perspectives comparées	http://www.afsp.info/archives/congres/congres2011/sectionsthematiques/st15/st15.html	NA
2011	ST18	Circulation internationale des idées et mimétisme politique et le cas des nouveaux instruments des politiques environnementales : transferts de politiques ?	http://www.afsp.info/archives/congres/congres2011/sectionsthematiques/st18/st18.html	NA
2011	ST19	Concerter, négocier, délibérer … Et après ?	http://www.afsp.info/archives/congres/congres2011/sectionsthematiques/st19/st19.html	NA
2011	ST21	Les politiques de l’immigration : entre démocratie et justice sociale	http://www.afsp.info/archives/congres/congres2011/sectionsthematiques/st21/st21.html	NA
2011	ST22	Des politiques d’égalité aux politiques de l’identité : parité, diversité, intersectionnalité	http://www.afsp.info/archives/congres/congres2011/sectionsthematiques/st22/st22.html	NA
2011	ST23	Les crises de santé publique : une question politique ?	http://www.afsp.info/archives/congres/congres2011/sectionsthematiques/st23/st23.html	NA
2011	ST25	Les administrations publiques en réforme(s) : une comparaison Allemagne-France	http://www.afsp.info/archives/congres/congres2011/sectionsthematiques/st25/st25.html	NA
2011	ST26	Agir par réseaux.  Les réseaux en science politique : méthodes et objets.	http://www.afsp.info/archives/congres/congres2011/sectionsthematiques/st26/st26.html	NA
2011	ST28	Milieux politiques et milieux d’affaires : pour une sociologie comparée européenne	http://www.afsp.info/archives/congres/congres2011/sectionsthematiques/st28/st28.html	NA
2011	ST31	La production partisane des candidatures. Vers une démonopolisation ?	http://www.afsp.info/archives/congres/congres2011/sectionsthematiques/st31/st31.html	NA
2011	ST34	Géographie et sociologie électorales : duel ou duo ? Actualité et avenir d'une concurrence/collaboration scientifique	http://www.afsp.info/archives/congres/congres2011/sectionsthematiques/st34/st34.html	NA
2011	ST36	Le découpage électoral : histoire, enjeux et méthodes	http://www.afsp.info/archives/congres/congres2011/sectionsthematiques/st36/st36.html	NA
2011	ST37	Participation ou délibération ? Sociologie historique de l'implication des citoyens en démocratie	http://www.afsp.info/archives/congres/congres2011/sectionsthematiques/st37/st37.html	NA
2011	ST42	Les enjeux politiques et académiques des réformes de l’enseignement du droit : perspectives comparées	http://www.afsp.info/archives/congres/congres2011/sectionsthematiques/st42/st42.html	NA
2011	ST45	Quantifier le monde et l’Europe : acteurs, outils et appropriations	http://www.afsp.info/archives/congres/congres2011/sectionsthematiques/st45/st45.html	NA
2011	ST46	L’européanisation et ses coins d’ombre : vers une normalisation des études européennes ?	http://www.afsp.info/archives/congres/congres2011/sectionsthematiques/st46/st46.html	NA
2011	ST48	Que font les terrains autoritaires aux théories de l’action collective ?	http://www.afsp.info/archives/congres/congres2011/sectionsthematiques/st48/st48.html	NA
2011	ST49	Le pouvoir de la croyance. Le statut explicatif d'un concept problématique	http://www.afsp.info/archives/congres/congres2011/sectionsthematiques/st49/st49.html	NA
2011	ST50	Les politiques symboliques existent-elles ?	http://www.afsp.info/archives/congres/congres2011/sectionsthematiques/st50/st50.html	NA
2011	ST52	La justice au prisme du genre : approches comparées	http://www.afsp.info/archives/congres/congres2011/sectionsthematiques/st52/st52.html	NA
2009	ST1	L’Europe sans constitution : quelle communauté politique en construction ? Proposée par la SEE de l'AFSP	http://www.afsp.info/archives/congres/congres2009/sectionsthematiques/st1/st1.html	NA
2009	ST2	Sociologie politique de l'action extérieure de l'Etat dans la nouvelle multipolarité.  Proposée par la SEI de l'AFSP	http://www.afsp.info/archives/congres/congres2009/sectionsthematiques/st2/st2.html	NA
2009	ST3	"L'Etat de la France. La ""fin d'une exception"" mise en perspective comparée. Proposée par le groupe SPCA de l'AFSP"	http://www.afsp.info/archives/congres/congres2009/sectionsthematiques/st3/st3.html	NA
2009	ST4	Economie du politique et politique de l'économie. Proposée par le groupe ArP de l'AFSP	http://www.afsp.info/archives/congres/congres2009/sectionsthematiques/st4/st4.html	NA
2009	ST5	Etudier les comportements électoraux : bilan de la recherche francophone. Proposée par le  GAEL de l'AFSP	http://www.afsp.info/archives/congres/congres2009/sectionsthematiques/st5/st5.html	NA
2009	ST6	Le métier politique à l'épreuve de sa féminisation. Genre et (re)définition des rôles politiques. Proposée par le groupe Genre & Politique de l'AFSP	http://www.afsp.info/archives/congres/congres2009/sectionsthematiques/st6/st6.html	NA
2009	ST7	Naissance et mort des partis politiques. Proposée par le  GEOPP de l'AFSP	http://www.afsp.info/archives/congres/congres2009/sectionsthematiques/st7/st7.html	NA
2009	ST8	Aux marges des mouvements sociaux : les arts de la résistance. Proposée par le  GERMM de l'AFSP	http://www.afsp.info/archives/congres/congres2009/sectionsthematiques/st8/st8.html	NA
2009	ST9	Républiques. Trajectoires, historicités et voyages d’un concept. Proposée par le  GRESCOP de l'AFSP	http://www.afsp.info/archives/congres/congres2009/sectionsthematiques/st9/st9.html	NA
2009	ST10	Chronologie, périodisation, temporalités.  Proposée par le  GRHISPO de l'AFSP	http://www.afsp.info/archives/congres/congres2009/sectionsthematiques/st10/st10.html	NA
2009	ST11	Les assemblées du Parlement : la séance, les commissions et les groupes. Proposée par le  GRPP de l'AFSP	http://www.afsp.info/archives/congres/congres2009/sectionsthematiques/st11/st11.html	NA
2009	ST121	Regards critiques : le local comme objet global ? Proposée par le  groupe Local & Politique de l'AFSP	http://www.afsp.info/archives/congres/congres2009/sectionsthematiques/st12-1/st12-1.html	NA
2009	ST122	La démocratie urbaine et régionale en débats. Proposée par le  groupe Local & Politique de l'AFSP	http://www.afsp.info/archives/congres/congres2009/sectionsthematiques/st12-2/st12-2.html	NA
2009	ST13	"Variables, Individus, Contextes.
Comment observer et analyser leurs interactions ? Proposée par le  groupe MOD de l'AFSP"	http://www.afsp.info/archives/congres/congres2009/sectionsthematiques/st13/st13.html	NA
2009	ST14	L’analyse des politiques publiques existe-t-elle encore ? Proposée par le  groupe Politiques Publiques de l'AFSP	http://www.afsp.info/archives/congres/congres2009/sectionsthematiques/st14/st14.html	NA
2009	ST15	Genre et politiques publiques : de la découverte mutuelle au dialogue.	http://www.afsp.info/archives/congres/congres2009/sectionsthematiques/st15/st15.html	NA
2009	ST16	Science politique et sexualités en francophonie : un état des lieux.	http://www.afsp.info/archives/congres/congres2009/sectionsthematiques/st16/st16.html	NA
2009	ST17	L'européanisation des systèmes partisans en Europe.	http://www.afsp.info/archives/congres/congres2009/sectionsthematiques/st17/st17.html	NA
2009	ST18	L'académie européenne : experts, savoirs et savants dans le gouvernement de l'Union européenne.	http://www.afsp.info/archives/congres/congres2009/sectionsthematiques/st18/st18.html	NA
2009	ST19	La Présidence du Conseil de l'Union européenne dans tous ses Etats.	http://www.afsp.info/archives/congres/congres2009/sectionsthematiques/st19/st19.html	NA
2009	ST20	Transferts institutionnels et convergences étatiques. Vers une sociologie comparative post-institutionnaliste de l'Etat ?	http://www.afsp.info/archives/congres/congres2009/sectionsthematiques/st20/st20.html	NA
2009	ST21	Les politiques de défense : une redéfinition des contours régaliens de l'Etat ?	http://www.afsp.info/archives/congres/congres2009/sectionsthematiques/st21/st21.html	NA
2009	ST22	"Les formes contemporaines de la biopolitique : Etats, ""nouvelle santé publique"" et politiques publiques comparées."	http://www.afsp.info/archives/congres/congres2009/sectionsthematiques/st22/st22.html	NA
2009	ST23	Les politiques sociales : mutations, enjeux, théories.	http://www.afsp.info/archives/congres/congres2009/sectionsthematiques/st23/st23.html	NA
2009	ST24	Les politiques de recherche : entre traditions nationales et tournant néo-managérial ?	http://www.afsp.info/archives/congres/congres2009/sectionsthematiques/st24/st24.html	NA
2009	ST25	L'analyse des politiques publiques à l'épreuve de l'Amérique Latine.	http://www.afsp.info/archives/congres/congres2009/sectionsthematiques/st25/st25.html	NA
2009	ST26	"Les ambiguïtés de l'action publique face aux inégalités socio-spatiales. Etat des travaux francophones au regard des ""urban studies""."	http://www.afsp.info/archives/congres/congres2009/sectionsthematiques/st26/st26.html	NA
2009	ST27	Action publique et parcours de vie. Nouvelles inégalités et nouvelles approches des inégalités.	http://www.afsp.info/archives/congres/congres2009/sectionsthematiques/st27/st27.html	NA
2009	ST28	"Acteurs, référentiels, instruments et énoncés : la spécificité d'une approche ""francophone"" des politiques publiques en débat."	http://www.afsp.info/archives/congres/congres2009/sectionsthematiques/st28/st28.html	NA
2009	ST29	Pour une analyse des politiques publiques de l'éducation.	http://www.afsp.info/archives/congres/congres2009/sectionsthematiques/st29/st29.html	NA
2009	ST30	L'hydropolitique et les relations internationales.	http://www.afsp.info/archives/congres/congres2009/sectionsthematiques/st30/st30.html	NA
2009	ST31	Les terrorismes : un objet pluriel pour un champ restreint ?	http://www.afsp.info/archives/congres/congres2009/sectionsthematiques/st31/st31.html	NA
2009	ST32	Le mouvement des institutions internationales.	http://www.afsp.info/archives/congres/congres2009/sectionsthematiques/st32/st32.html	NA
2009	ST33	L'action collective des élites économiques.	http://www.afsp.info/archives/congres/congres2009/sectionsthematiques/st33/st33.html	NA
2009	ST34	Représentants et représentés : élus de la diversité et minorités visibles.	http://www.afsp.info/archives/congres/congres2009/sectionsthematiques/st34/st34.html	NA
2009	ST35	Du fait colonial à l'immigration contemporaine. La représentation des groupes minorisés, de l'Outre-mer français à l'hexagone.	http://www.afsp.info/archives/congres/congres2009/sectionsthematiques/st35/st35.html	NA
2009	ST36	Mobilisations « ethniques » et comparaison internationale.	http://www.afsp.info/archives/congres/congres2009/sectionsthematiques/st36/st36.html	NA
2009	ST37	Partis politiques et mouvements sociaux à la croisée des approches : interdépendances, transformations et traits communs.	http://www.afsp.info/archives/congres/congres2009/sectionsthematiques/st37/st37.html	NA
2009	ST38	Ruptures biographiques, bifurcations collectives et rapports au politique.	http://www.afsp.info/archives/congres/congres2009/sectionsthematiques/st38/st38.html	NA
2009	ST39	Les mobilisations ethnolinguistiques en Europe.	http://www.afsp.info/archives/congres/congres2009/sectionsthematiques/st39/st39.html	NA
2009	ST40	Le temps de l'écologie politique.	http://www.afsp.info/archives/congres/congres2009/sectionsthematiques/st40/st40.html	NA
2009	ST41	De la protection de la nature au développement durable : les mutations de l'enjeu environnemental.	http://www.afsp.info/archives/congres/congres2009/sectionsthematiques/st41/st41.html	NA
2009	ST42	Des valeurs politiques en mutation : analyse quantitative comparée.	http://www.afsp.info/archives/congres/congres2009/sectionsthematiques/st42/st42.html	NA
2009	ST43	"Les ""sciences"" dans l'Etat : perspectives comparées."	http://www.afsp.info/archives/congres/congres2009/sectionsthematiques/st43/st43.html	NA
2009	ST44	Sociologie et histoire des mécanismes de dépacification du jeu politique.	http://www.afsp.info/archives/congres/congres2009/sectionsthematiques/st44/st44.html	NA
2009	ST45	Formes de compétence et savoirs de gouvernement.	http://www.afsp.info/archives/congres/congres2009/sectionsthematiques/st45/st45.html	NA
2009	ST46	"Sociologie historique des ""changements de régimes""."	http://www.afsp.info/archives/congres/congres2009/sectionsthematiques/st46/st46.html	NA
2009	ST47	Les combattants : approches sociologiques et socio-historiques.	http://www.afsp.info/archives/congres/congres2009/sectionsthematiques/st47/st47.html	NA
2009	ST48	Maurice Duverger aujourd'hui.	http://www.afsp.info/archives/congres/congres2009/sectionsthematiques/st48/st48.html	NA
2009	ST49	Une science politique camérale : pratiques et contraintes du champ politologique au Maghreb.	http://www.afsp.info/archives/congres/congres2009/sectionsthematiques/st49/st49.html	NA
2009	ST50	Que faire des idées en science politique ?	http://www.afsp.info/archives/congres/congres2009/sectionsthematiques/st50/st50.html	NA
2009	ST51	Repenser l'anthropologie politique de la démocratie.	http://www.afsp.info/archives/congres/congres2009/sectionsthematiques/st51/st51.html	NA
2009	ST52	La liberté à l'épreuve de la démocratie. Regards de la théorie politique.	http://www.afsp.info/archives/congres/congres2009/sectionsthematiques/st52/st52.html	NA
